id,name,email,phone
1,Lyn Wight,lwight0@google.co.uk,8085055908
2,Alla Barth,abarth1@home.pl,2284770989
3,Agneta Haggath,ahaggath2@privacy.gov.au,7338270434
4,Mord Sterricker,msterricker3@imdb.com,6758071455
5,Verney Bilbrook,vbilbrook4@blogs.com,6606691249
6,Arleta Gallgher,agallgher5@wix.com,7162281953
7,Kerry Feldberger,kfeldberger6@facebook.com,5308438052
8,Bili Largen,blargen7@cpanel.net,6642709834
9,Camella L'Episcopi,clepiscopi8@sun.com,4833170011
10,Andriana Shergold,ashergold9@mozilla.com,1338668133
11,Ulrika Roskam,uroskama@123-reg.co.uk,1752582207
12,Trenna Zecchinelli,tzecchinellib@photobucket.com,1851394570
13,Morissa Lorait,mloraitc@mediafire.com,5448109222
14,Joey Weekes,jweekesd@live.com,6604971232
15,Lurlene Blueman,lbluemane@hostgator.com,8087684478
16,Lolly Grealy,lgrealyf@feedburner.com,4191730800
17,Daveen Atte-Stone,dattestoneg@adobe.com,5719890675
18,Jolene Rubke,jrubkeh@pinterest.com,1729781927
19,Billie Rablin,brablini@ning.com,6336556672
20,Sawyer Dirand,sdirandj@reddit.com,9867376307
21,Jillayne Le Grice,jlek@cisco.com,1694693135
22,Cris Albinson,calbinsonl@shinystat.com,9011158321
23,Marco McFetridge,mmcfetridgem@miitbeian.gov.cn,3581583253
24,Susi King,skingn@buzzfeed.com,1628720777
25,Arman Razoux,arazouxo@sitemeter.com,8934383727
26,Drucy Aves,davesp@edublogs.org,6949115337
27,Barbe Schubart,bschubartq@youtu.be,5723725435
28,Ignaz Willgrass,iwillgrassr@wunderground.com,3551058948
29,Greer Ackwood,gackwoods@blinklist.com,2442722161
30,Dagny Keig,dkeigt@technorati.com,4146037651
31,Alanna Szantho,aszanthou@geocities.com,4351914810
32,Celka Mosedale,cmosedalev@ycombinator.com,8693597379
33,Maren Gozzard,mgozzardw@stanford.edu,3591947752
34,Lenna Croizier,lcroizierx@amazonaws.com,8683680849
35,Charlot Birkenhead,cbirkenheady@seesaa.net,5022920541
36,Stanly Smaridge,ssmaridgez@de.vu,9217846852
37,Niccolo Shaddick,nshaddick10@cocolog-nifty.com,4079268764
38,Debi Dane,ddane11@illinois.edu,2905979932
39,Lewes Rigbye,lrigbye12@alexa.com,1416535000
40,Evvie Bourbon,ebourbon13@cam.ac.uk,5746934421
41,Theressa Frogley,tfrogley14@cdbaby.com,6197042616
42,Cyrille Lucock,clucock15@histats.com,8241746651
43,Roanne Rendbaek,rrendbaek16@printfriendly.com,8969928298
44,Bastien Stickland,bstickland17@fotki.com,7854784541
45,Gwenette Spurgin,gspurgin18@gravatar.com,2108121973
46,Dolorita Domm,ddomm19@ow.ly,8827064295
47,Janeta Castagneto,jcastagneto1a@pagesperso-orange.fr,6779967186
48,Zandra Benninger,zbenninger1b@china.com.cn,4025957357
49,Marysa Wolverson,mwolverson1c@webnode.com,7334382560
50,Ericka Flitcroft,eflitcroft1d@admin.ch,2055714495
51,Mick Carlisso,mcarlisso1e@twitpic.com,3037706809
52,Mireielle Hendrikse,mhendrikse1f@reference.com,4319556067
53,Clerc Whiteford,cwhiteford1g@pen.io,9643598621
54,Nowell Treece,ntreece1h@theguardian.com,8736562581
55,Allen Kershow,akershow1i@umn.edu,3777058546
56,Bellanca Berthouloume,bberthouloume1j@indiegogo.com,1288774745
57,Linc Harker,lharker1k@aol.com,1477272101
58,Juliann Puckey,jpuckey1l@theguardian.com,9908458883
59,Berta Rebeiro,brebeiro1m@imgur.com,6332572492
60,Amby Francisco,afrancisco1n@edublogs.org,6259653012
61,Paddie Billings,pbillings1o@state.gov,7781110870
62,Christin Gercken,cgercken1p@chron.com,1592119794
63,Davide Beagrie,dbeagrie1q@1und1.de,3031004225
64,Lanny Calladine,lcalladine1r@sourceforge.net,7085731414
65,Rice Dykes,rdykes1s@drupal.org,7658303921
66,Eustace Simone,esimone1t@ft.com,4903396966
67,Roxi Dudlestone,rdudlestone1u@newyorker.com,8316038453
68,Gardie Hillam,ghillam1v@intel.com,7921166926
69,Kattie Ell,kell1w@craigslist.org,9953024365
70,Vivienne MacIlhagga,vmacilhagga1x@ask.com,9749656597
71,Merralee Keeping,mkeeping1y@china.com.cn,2046051973
72,Cathee Bartaloni,cbartaloni1z@pbs.org,3749502430
73,Deck Ashurst,dashurst20@fda.gov,6781662160
74,Aurelea Moggan,amoggan21@stumbleupon.com,6809451012
75,Christabel Skentelbery,cskentelbery22@newyorker.com,6586320477
76,Eve McTiernan,emctiernan23@house.gov,3067772288
77,Wyatt Janoch,wjanoch24@a8.net,5131891454
78,Lyssa Hicklingbottom,lhicklingbottom25@pinterest.com,6935800558
79,Benson Bough,bbough26@jimdo.com,1376816602
80,Curt Crake,ccrake27@bravesites.com,2788567208
81,Eolanda Rupert,erupert28@edublogs.org,4038965653
82,Amie Dedenham,adedenham29@t.co,9043457249
83,Luther Cunnah,lcunnah2a@sbwire.com,3856546328
84,Saxe Dinsdale,sdinsdale2b@baidu.com,7163413951
85,Gnni Leemans,gleemans2c@theatlantic.com,5025626628
86,Sigismund MacColgan,smaccolgan2d@mlb.com,3884416035
87,Harriett Crosse,hcrosse2e@bbc.co.uk,2133153294
88,Tabor Harrinson,tharrinson2f@themeforest.net,5879621114
89,Merrill Pietrowski,mpietrowski2g@fda.gov,9559597649
90,Alicia Driffield,adriffield2h@wordpress.org,8997617135
91,Clari Kelway,ckelway2i@ocn.ne.jp,6558601918
92,Gussy Izhakov,gizhakov2j@tripadvisor.com,2909577530
93,Janot Le Marquand,jle2k@taobao.com,1978972874
94,Wes Caughte,wcaughte2l@wikispaces.com,8181499112
95,Fonsie Lynagh,flynagh2m@tiny.cc,1019970114
96,Gabie McKibbin,gmckibbin2n@symantec.com,2847471826
97,Waverley Leivesley,wleivesley2o@unicef.org,9364191257
98,Lorry Gainsford,lgainsford2p@rambler.ru,9926362728
99,Colman McBrearty,cmcbrearty2q@histats.com,5874000707
100,Augusto Batkin,abatkin2r@forbes.com,6922129152
101,Allen Wysome,awysome2s@tuttocitta.it,8954054395
102,Lemmy Wenger,lwenger2t@biblegateway.com,4341845362
103,Edwina Sparrowhawk,esparrowhawk2u@barnesandnoble.com,7379234419
104,Sherlocke Bunkle,sbunkle2v@telegraph.co.uk,9542839224
105,Manda Berger,mberger2w@usnews.com,7972337269
106,Wilhelm Palumbo,wpalumbo2x@google.com,6627548168
107,Tiphany Harm,tharm2y@discuz.net,7032454515
108,Waite Grotty,wgrotty2z@deviantart.com,1244794856
109,Anestassia Cuesta,acuesta30@posterous.com,8648067261
110,Staci Saberton,ssaberton31@tiny.cc,9632044492
111,Joella Du Barry,jdu32@upenn.edu,6211508571
112,Creigh Riseborough,criseborough33@harvard.edu,4428890653
113,Aurore Vedenichev,avedenichev34@craigslist.org,7183435275
114,Ardelle Janku,ajanku35@icio.us,7856146496
115,Samson Cauthra,scauthra36@mac.com,7789954469
116,Ali Lamburne,alamburne37@mediafire.com,1199234891
117,Kati Martinyuk,kmartinyuk38@hubpages.com,2218631319
118,Vanya Doggrell,vdoggrell39@4shared.com,9703650190
119,Stafani Garvin,sgarvin3a@slideshare.net,7026935863
120,Faun Aikett,faikett3b@marketwatch.com,6769128538
121,Rebeka Scrinage,rscrinage3c@dedecms.com,1469606862
122,Marlena Kayley,mkayley3d@usnews.com,5825580685
123,Loralie Paten,lpaten3e@altervista.org,2271949570
124,Fred Thorogood,fthorogood3f@zimbio.com,4016977625
125,Constantina Heffron,cheffron3g@edublogs.org,7309166490
126,Norrie Asee,nasee3h@wordpress.org,3403726527
127,Yalonda Allchorn,yallchorn3i@alibaba.com,9504804481
128,Morgana Battell,mbattell3j@alexa.com,5977768579
129,Dominica Melendez,dmelendez3k@canalblog.com,7385892470
130,Neil De Blase,nde3l@unesco.org,3859237473
131,Janet Dovington,jdovington3m@yahoo.com,4533366453
132,Hesther Lendrem,hlendrem3n@wordpress.org,3038192372
133,Wileen Tibbits,wtibbits3o@tinypic.com,5061332211
134,Travus Ferreras,tferreras3p@shutterfly.com,4299604562
135,Doloritas Hullins,dhullins3q@yellowbook.com,2917582922
136,Milissent Jarlmann,mjarlmann3r@ox.ac.uk,5337612578
137,Giorgia Martinek,gmartinek3s@epa.gov,8358462656
138,Helyn Round,hround3t@nytimes.com,2909793408
139,Moira Sterte,msterte3u@chronoengine.com,1385114641
140,Melvin Burbidge,mburbidge3v@webeden.co.uk,6693271707
141,Nye Lownsbrough,nlownsbrough3w@tripod.com,6032152442
142,Emmanuel Trassler,etrassler3x@theatlantic.com,6769925820
143,Rosalia enzley,renzley3y@ask.com,5766520199
144,Debi Greves,dgreves3z@webnode.com,3867408876
145,Kaiser Aleshintsev,kaleshintsev40@archive.org,7428662906
146,Ashby Crinkley,acrinkley41@boston.com,3639540433
147,Gerik Threadgall,gthreadgall42@youku.com,3103616465
148,Ive Featherston,ifeatherston43@ibm.com,1414233694
149,Verney Ferrelli,vferrelli44@prweb.com,3244648342
150,Opal Sibthorpe,osibthorpe45@ca.gov,6481665257
151,Donny Chumley,dchumley46@washingtonpost.com,2124444435
152,Sean Massow,smassow47@booking.com,6151490850
153,Marion Hallum,mhallum48@blog.com,6693886597
154,Sophey Barden,sbarden49@vistaprint.com,6614603343
155,Wolfie Roja,wroja4a@toplist.cz,9868090097
156,Charline Growcott,cgrowcott4b@blinklist.com,1056414036
157,Aron Faunch,afaunch4c@icq.com,9822672827
158,Bobbe Ivanikov,bivanikov4d@wordpress.com,6253404652
159,Abagail Habble,ahabble4e@alibaba.com,7607816831
160,Beltran Linkleter,blinkleter4f@cocolog-nifty.com,5182888486
161,Rodger Kohneke,rkohneke4g@mapy.cz,2997037570
162,Terrell Cattell,tcattell4h@linkedin.com,2156690952
163,Kippie Dulany,kdulany4i@github.io,7784091972
164,Sibeal Eighteen,seighteen4j@amazon.co.jp,6793302970
165,Doria Cock,dcock4k@ucsd.edu,8702520302
166,Marthena Pobjoy,mpobjoy4l@webnode.com,8676399754
167,Park Turbat,pturbat4m@gmpg.org,4752788372
168,Lorine Tale,ltale4n@toplist.cz,7546095153
169,Stoddard Footer,sfooter4o@icq.com,4977054018
170,Kala Borless,kborless4p@mlb.com,1279045615
171,Bengt Rusbridge,brusbridge4q@weebly.com,1171710729
172,Devlen MacNeish,dmacneish4r@stanford.edu,7691619155
173,Clem Godon,cgodon4s@wikipedia.org,5405378239
174,Bethany Macvain,bmacvain4t@oaic.gov.au,7692954205
175,Ronny Flude,rflude4u@phpbb.com,5718232491
176,Judie Morot,jmorot4v@moonfruit.com,4644446806
177,Bliss Harle,bharle4w@chicagotribune.com,4568904119
178,Sergent Atwill,satwill4x@ca.gov,5047851641
179,Olivie Schott,oschott4y@aboutads.info,8389167903
180,Guillemette Scarman,gscarman4z@umn.edu,3485511245
181,Halsy Gianiello,hgianiello50@yandex.ru,7701064316
182,Cornelia Bitcheno,cbitcheno51@youtube.com,8077862686
183,Lidia Pehrsson,lpehrsson52@icio.us,5312207063
184,Maggie Strugnell,mstrugnell53@acquirethisname.com,4825762583
185,Kariotta Mattussevich,kmattussevich54@linkedin.com,2995545204
186,Courtney Jonsson,cjonsson55@sina.com.cn,3973299609
187,Yorke Tomlins,ytomlins56@myspace.com,5293888727
188,Milena Snartt,msnartt57@mail.ru,9059272051
189,Lolly Winskill,lwinskill58@usgs.gov,2284216345
190,James Burdoun,jburdoun59@microsoft.com,1321077943
191,Tilda Leaming,tleaming5a@about.me,1967010945
192,Jerrome Gobourn,jgobourn5b@51.la,6458819498
193,Kacy Shadrach,kshadrach5c@amazonaws.com,2586543980
194,Darline Cuff,dcuff5d@irs.gov,3952808307
195,Charleen Mahedy,cmahedy5e@squidoo.com,2593018345
196,Christophe Gottelier,cgottelier5f@merriam-webster.com,1052547593
197,Astra Josse,ajosse5g@cnbc.com,6296447391
198,Sergei Stucksbury,sstucksbury5h@dropbox.com,2374043818
199,Jacinda Haliburton,jhaliburton5i@chicagotribune.com,7033177328
200,Lelah Bergeau,lbergeau5j@moonfruit.com,4966845503
201,Thornie Burtonwood,tburtonwood5k@people.com.cn,7991738003
202,Celine Gilson,cgilson5l@google.de,4125516116
203,Jeremiah Ricardon,jricardon5m@hugedomains.com,8131274425
204,Kali Krolle,kkrolle5n@foxnews.com,1075374660
205,Kasper Pamplin,kpamplin5o@rambler.ru,2042660145
206,Hi Whales,hwhales5p@pcworld.com,7832619532
207,Eugine Muschette,emuschette5q@nationalgeographic.com,5238580888
208,Janey Hale,jhale5r@wsj.com,7939456438
209,Gray Thowless,gthowless5s@walmart.com,8783661113
210,Kate Cowin,kcowin5t@huffingtonpost.com,4995354482
211,Mervin Shearston,mshearston5u@instagram.com,6158793148
212,Arlyne Brusin,abrusin5v@privacy.gov.au,5442904012
213,Morgen Limeburner,mlimeburner5w@godaddy.com,7772353998
214,Layton Waggitt,lwaggitt5x@bravesites.com,4447527887
215,Whitaker Goulder,wgoulder5y@admin.ch,9157015429
216,Jana Luxton,jluxton5z@vk.com,8951770069
217,Rufe Showering,rshowering60@lulu.com,6324567756
218,Buckie Russan,brussan61@hhs.gov,9064551473
219,Sharyl Garett,sgarett62@unicef.org,9709165304
220,Liuka Gabbetis,lgabbetis63@lulu.com,9091560867
221,Emmy Hully,ehully64@fotki.com,4594096133
222,Granny Grassin,ggrassin65@dedecms.com,3689497041
223,Herbie Broom,hbroom66@google.cn,7045971118
224,Rosalie Vedeniktov,rvedeniktov67@csmonitor.com,7865734107
225,Rosalind Spriggs,rspriggs68@pbs.org,6767149398
226,Chen McKirdy,cmckirdy69@harvard.edu,8566830446
227,Jeannine Petrashkov,jpetrashkov6a@feedburner.com,4889427777
228,Merell Crellim,mcrellim6b@sciencedaily.com,4889142969
229,Henrietta Pellamonuten,hpellamonuten6c@nih.gov,5048014021
230,Corie Gooms,cgooms6d@addthis.com,6086521801
231,Benedetto Venables,bvenables6e@census.gov,7297331118
232,Corinna Rosellini,crosellini6f@flavors.me,1745726084
233,Cheri Stenson,cstenson6g@usatoday.com,3115096191
234,Garreth Bartlosz,gbartlosz6h@mit.edu,4547874074
235,Thom Augar,taugar6i@sakura.ne.jp,3367528507
236,Wendy Swinnard,wswinnard6j@google.ru,9959394225
237,Berti Smallridge,bsmallridge6k@artisteer.com,1994889782
238,Karen Weaben,kweaben6l@arstechnica.com,7342166317
239,Cheri Sharper,csharper6m@redcross.org,6019191584
240,Paige Gillease,pgillease6n@independent.co.uk,2052618652
241,Karleen Doding,kdoding6o@latimes.com,5354201846
242,Eddy Marchenko,emarchenko6p@thetimes.co.uk,5958619852
243,Christian Shackell,cshackell6q@tamu.edu,4098143593
244,Kasper Matyasik,kmatyasik6r@businessweek.com,2452927990
245,Franny Meegin,fmeegin6s@miibeian.gov.cn,8657707037
246,Dale Frisby,dfrisby6t@webmd.com,1877600418
247,Brinna Galgey,bgalgey6u@un.org,5718749210
248,Jackelyn Jumeau,jjumeau6v@tinyurl.com,8873424872
249,Hunfredo Snoddon,hsnoddon6w@networksolutions.com,1178394124
250,Carlene Binford,cbinford6x@soup.io,2574845152
251,Tim Cahen,tcahen6y@cyberchimps.com,3326985148
252,Danice Dufton,ddufton6z@nasa.gov,5471510388
253,Willi Dalgarnocht,wdalgarnocht70@prweb.com,4042318984
254,Mendy Barnardo,mbarnardo71@wordpress.org,8824700369
255,Emmye Plom,eplom72@businesswire.com,4706824577
256,Korey Delia,kdelia73@mashable.com,5127159321
257,Ignaz Spykins,ispykins74@drupal.org,2953817128
258,Charlena Warbys,cwarbys75@smh.com.au,6562334602
259,Ddene Petit,dpetit76@fastcompany.com,9666025472
260,Had Sunnex,hsunnex77@google.es,2006636335
261,Christye Buchan,cbuchan78@51.la,8919802332
262,Grover Oldam,goldam79@storify.com,6308306199
263,Tucky Robak,trobak7a@cornell.edu,8808290546
264,Sawyer Pelcheur,spelcheur7b@ibm.com,7609347110
265,Waylon Zack,wzack7c@1und1.de,6642367150
266,Tan Verdie,tverdie7d@yandex.ru,3186094530
267,Linell Swayne,lswayne7e@time.com,8004647936
268,Nolana Hutt,nhutt7f@behance.net,5483847074
269,Gerhardt Swidenbank,gswidenbank7g@google.com.hk,5582674771
270,Barnard Ingleson,bingleson7h@boston.com,4223100460
271,Kora Mitchel,kmitchel7i@hibu.com,5959972350
272,Tobin Milne,tmilne7j@a8.net,5023076125
273,Christoper Fortin,cfortin7k@engadget.com,1608760615
274,Valli Sawdy,vsawdy7l@sphinn.com,6334097771
275,Arlyn Perkis,aperkis7m@accuweather.com,4848429898
276,Claudette Greedier,cgreedier7n@com.com,4341100634
277,Kris Munkley,kmunkley7o@gmpg.org,8047341606
278,Cal Narbett,cnarbett7p@usa.gov,2257734411
279,Giuditta Ormrod,gormrod7q@abc.net.au,9642755685
280,Louise Lambole,llambole7r@kickstarter.com,8199653872
281,Kiel Dockwra,kdockwra7s@printfriendly.com,3595773786
282,Allyson Smorfit,asmorfit7t@ezinearticles.com,4346733116
283,Albrecht Oulner,aoulner7u@weibo.com,4536499806
284,Blakeley Bonefant,bbonefant7v@bandcamp.com,7038409669
285,Mead Leveret,mleveret7w@mozilla.org,6496987724
286,Gage Bea,gbea7x@google.pl,2853704580
287,Alyce Quarless,aquarless7y@cpanel.net,8456699002
288,Cecelia Trapp,ctrapp7z@ucla.edu,4736119638
289,Silvain Wynrehame,swynrehame80@dmoz.org,7164366057
290,Shaughn Kliner,skliner81@vistaprint.com,2756938588
291,Harrison Thornhill,hthornhill82@imdb.com,9014485484
292,Damaris Mougeot,dmougeot83@github.com,8195758592
293,Paloma Asbrey,pasbrey84@netlog.com,9522768583
294,Deonne Leggen,dleggen85@cmu.edu,9232401778
295,Hedwig Twizell,htwizell86@prweb.com,7482138205
296,Devi Dedmam,ddedmam87@hud.gov,5907698278
297,Wyndham Ginni,wginni88@japanpost.jp,1748187093
298,Simon Lowis,slowis89@shutterfly.com,9573784368
299,Hart Saintsbury,hsaintsbury8a@dailymotion.com,3694872211
300,Siegfried Whatsize,swhatsize8b@unesco.org,6955438281
301,Sharlene Lydon,slydon8c@t-online.de,3371230125
302,Stanton Van Dijk,svan8d@dion.ne.jp,8978000002
303,Mariejeanne Iacoboni,miacoboni8e@so-net.ne.jp,3944880694
304,Roscoe Fetterplace,rfetterplace8f@utexas.edu,5863289707
305,Doti Ferenczy,dferenczy8g@ucoz.com,3954411287
306,Bendix Hildrew,bhildrew8h@oracle.com,8191932264
307,Balduin Colwill,bcolwill8i@nationalgeographic.com,4485939264
308,Barny Tamburo,btamburo8j@netscape.com,9211846776
309,Gibb Tregust,gtregust8k@cargocollective.com,2632115514
310,Augie Davley,adavley8l@shinystat.com,4375767201
311,Inger Helis,ihelis8m@wp.com,3663480088
312,Carena Curcher,ccurcher8n@mozilla.com,6212082655
313,Ivie Wedderburn,iwedderburn8o@google.ca,2012180275
314,Jayme Coldbath,jcoldbath8p@hhs.gov,9339347955
315,Obediah Dent,odent8q@furl.net,1208044507
316,Gwendolen Goodlip,ggoodlip8r@vimeo.com,8477893562
317,Lawton Cato,lcato8s@unc.edu,1721734729
318,Michaeline Trevor,mtrevor8t@hc360.com,4633189895
319,Idette Jouanot,ijouanot8u@domainmarket.com,9381602515
320,Sybil Gamwell,sgamwell8v@flickr.com,4361806068
321,Hirsch Bellchamber,hbellchamber8w@t.co,7922526542
322,Minny Huffer,mhuffer8x@ovh.net,4944894406
323,Llewellyn Tuckwell,ltuckwell8y@g.co,6911990669
324,Kay Youthed,kyouthed8z@people.com.cn,4112647829
325,Hally Blaxeland,hblaxeland90@xinhuanet.com,3957819162
326,Adolphus Tellett,atellett91@opensource.org,7135597227
327,Bette Duckitt,bduckitt92@theatlantic.com,8281691963
328,Winifred Lindeboom,wlindeboom93@cafepress.com,9652377205
329,Debee Seeks,dseeks94@tmall.com,2967375056
330,Federico Le Borgne,fle95@elegantthemes.com,6798985586
331,Gus Wheeliker,gwheeliker96@cdbaby.com,7888255064
332,Ivy Clunan,iclunan97@bigcartel.com,1792372624
333,Kliment Sunshine,ksunshine98@netscape.com,8544781917
334,Burlie Brands,bbrands99@ox.ac.uk,6438133923
335,Gino Kitto,gkitto9a@wix.com,6459267664
336,Esra Alliker,ealliker9b@digg.com,1197050866
337,Editha Mailey,emailey9c@qq.com,7323739803
338,Archibold Bowerbank,abowerbank9d@economist.com,1916408850
339,Ashia Vasyunichev,avasyunichev9e@cafepress.com,1566887349
340,Menard Casterton,mcasterton9f@harvard.edu,1264890552
341,Brock Vasilic,bvasilic9g@yelp.com,3758543541
342,Caren Cudd,ccudd9h@nih.gov,5215274085
343,Hertha Ilyuchyov,hilyuchyov9i@toplist.cz,5256250353
344,Priscella Haycock,phaycock9j@reddit.com,3118846683
345,Sal Higford,shigford9k@ft.com,9245252408
346,Vite Este,veste9l@paginegialle.it,8575648807
347,Zahara Wiper,zwiper9m@sbwire.com,4068816469
348,Christophe Bawden,cbawden9n@lulu.com,2872602747
349,Paloma Walas,pwalas9o@yandex.ru,4395546206
350,Griffith Duckit,gduckit9p@ucsd.edu,9297537876
351,Eric Hadigate,ehadigate9q@arstechnica.com,6404265566
352,Bunnie Tutchener,btutchener9r@amazon.co.uk,3077935849
353,Emmerich Pedley,epedley9s@wufoo.com,2691737798
354,Barr Sancraft,bsancraft9t@hud.gov,3945969344
355,Roxi Fellis,rfellis9u@yellowbook.com,4679628602
356,Rayshell Marcu,rmarcu9v@accuweather.com,2806984089
357,Stanley Jezzard,sjezzard9w@fotki.com,3859749992
358,Adella Baudic,abaudic9x@google.com,7439669350
359,Wilt Rothchild,wrothchild9y@merriam-webster.com,9908130627
360,Onfre Shenley,oshenley9z@state.tx.us,6342717153
361,Katleen St Pierre,ksta0@admin.ch,1097711015
362,Christiane Aiton,caitona1@reference.com,7691134121
363,Felike Milleton,fmilletona2@nih.gov,3136946866
364,Shea Wynn,swynna3@infoseek.co.jp,8591489227
365,Trey Shewon,tshewona4@facebook.com,1909409632
366,Nelle Baudet,nbaudeta5@fema.gov,1093718748
367,Cyndy Bardill,cbardilla6@wp.com,1358233957
368,Dante Keningham,dkeninghama7@seesaa.net,9399062996
369,Floris Varah,fvaraha8@is.gd,6294645901
370,Marian Domanski,mdomanskia9@w3.org,2241398067
371,Cortney Dominico,cdominicoaa@seattletimes.com,6237146406
372,Daren Jerzycowski,djerzycowskiab@springer.com,3119806758
373,Sebastian Harmston,sharmstonac@rediff.com,5038379416
374,Deidre Sheekey,dsheekeyad@360.cn,3402559632
375,Mirna McKomb,mmckombae@baidu.com,2479777971
376,Vilma Surplice,vsurpliceaf@51.la,2045193022
377,Jori Castaner,jcastanerag@studiopress.com,8517006442
378,Martin Handsheart,mhandsheartah@storify.com,2235787259
379,Caron Perrington,cperringtonai@goo.ne.jp,2666212155
380,Tadio Shinefield,tshinefieldaj@abc.net.au,6512023704
381,Helsa Themann,hthemannak@princeton.edu,3048316326
382,Korie Oolahan,koolahanal@about.me,8166238306
383,Dayle Uwins,duwinsam@icq.com,6841468043
384,Sally Hillaby,shillabyan@google.com.hk,5181244760
385,Vonny Kassidy,vkassidyao@foxnews.com,1237056789
386,Justina O'Donohue,jodonohueap@sina.com.cn,2904713597
387,Koren Elgey,kelgeyaq@reuters.com,8577024363
388,Ailis Gynn,agynnar@smugmug.com,4626704387
389,Chance Andrin,candrinas@telegraph.co.uk,2664092472
390,Misti Lyness,mlynessat@gov.uk,5667186769
391,Gael FitzGilbert,gfitzgilbertau@foxnews.com,1826988524
392,Wendel Guitel,wguitelav@cocolog-nifty.com,7664218206
393,Myriam Matterson,mmattersonaw@microsoft.com,4297571978
394,Terese Wissby,twissbyax@salon.com,4576188052
395,Morgan MacGiolla Pheadair,mmacgiollaay@imageshack.us,7867509252
396,Brandtr Arlett,barlettaz@imageshack.us,1421419885
397,Wood Atterbury,watterburyb0@pagesperso-orange.fr,2792292532
398,Far Linnane,flinnaneb1@flickr.com,3976605988
399,Clair Aurelius,caureliusb2@yelp.com,5826214620
400,Kendricks Redman,kredmanb3@businesswire.com,5006913768
401,Baillie Tingle,btingleb4@tuttocitta.it,2507261348
402,Fredrika Blackaller,fblackallerb5@hexun.com,5327848152
403,Shell Chappell,schappellb6@bluehost.com,4099613901
404,Gilbertina Fluin,gfluinb7@jugem.jp,7591969597
405,Odetta Farrall,ofarrallb8@usda.gov,9249431850
406,Fleming Struthers,fstruthersb9@ycombinator.com,8624662206
407,Lynnette Littrik,llittrikba@addtoany.com,2151588222
408,Alasdair Gilardengo,agilardengobb@homestead.com,4447199863
409,Nickola Trowsdale,ntrowsdalebc@ucsd.edu,5303178963
410,Mata Murname,mmurnamebd@princeton.edu,7059448293
411,Tasha Taylorson,ttaylorsonbe@sina.com.cn,8226790404
412,Dukie Leafe,dleafebf@bloomberg.com,6294931857
413,David Minigo,dminigobg@mail.ru,9491978391
414,Marissa Orrett,morrettbh@cargocollective.com,8686190694
415,Veda Lambregts,vlambregtsbi@wiley.com,5836454228
416,Ruby Gulc,rgulcbj@miibeian.gov.cn,6805115785
417,Heda Sloat,hsloatbk@dailymail.co.uk,4136410497
418,Madeline Ondrousek,mondrousekbl@oracle.com,9384752327
419,Onofredo Oxe,ooxebm@usgs.gov,8984992032
420,Sorcha Chave,schavebn@photobucket.com,6585229247
421,Rob Vile,rvilebo@pagesperso-orange.fr,4165462220
422,Nevil Ericssen,nericssenbp@rakuten.co.jp,9329389779
423,Keefer Daubney,kdaubneybq@miibeian.gov.cn,4317248565
424,Bernita Crisall,bcrisallbr@wiley.com,4203865802
425,Casandra Persich,cpersichbs@uiuc.edu,7827330095
426,Humphrey Dugan,hduganbt@histats.com,8598987413
427,Sunny Derham,sderhambu@ted.com,8238052155
428,Adi Goforth,agoforthbv@a8.net,8213580538
429,Winston Croall,wcroallbw@indiatimes.com,7693462089
430,Nicky Hurdis,nhurdisbx@goodreads.com,2755494724
431,Ronald Minshull,rminshullby@shinystat.com,7887833756
432,Auroora Frondt,afrondtbz@yale.edu,3917998982
433,Leisha Dmitr,ldmitrc0@privacy.gov.au,3738467814
434,Amerigo Leeburne,aleeburnec1@bigcartel.com,4034328173
435,Amata Norcop,anorcopc2@nhs.uk,6197391232
436,Sadie Marflitt,smarflittc3@bbb.org,5127048887
437,Bambi Klimecki,bklimeckic4@dedecms.com,5846037013
438,Amii Woodrooffe,awoodrooffec5@statcounter.com,7912790100
439,Karia Jeger,kjegerc6@issuu.com,2103265122
440,Courtnay Wethey,cwetheyc7@newsvine.com,8278393761
441,Matthieu Cadany,mcadanyc8@microsoft.com,5497062812
442,Ali Klinck,aklinckc9@feedburner.com,5044266695
443,Alberik Demageard,ademageardca@4shared.com,4782813262
444,Carley Ourry,courrycb@ovh.net,7538845404
445,Margret Prozillo,mprozillocc@bigcartel.com,2238775775
446,Leonelle Richardot,lrichardotcd@salon.com,6783805633
447,Dede Iorillo,diorilloce@utexas.edu,3506198497
448,Fergus Smail,fsmailcf@godaddy.com,4783988920
449,Adham Klaiser,aklaisercg@fastcompany.com,1894232478
450,Gordie Halpin,ghalpinch@discovery.com,6234273014
451,Dorine Elkin,delkinci@woothemes.com,6588735252
452,Rasia Scogings,rscogingscj@last.fm,9993771534
453,Margalit Schettini,mschettinick@uol.com.br,2308135184
454,Adams Goodnow,agoodnowcl@google.cn,6401894399
455,Tillie Van Halen,tvancm@huffingtonpost.com,9026900184
456,Byram Charsley,bcharsleycn@qq.com,1645198860
457,Barnabas Warcop,bwarcopco@engadget.com,7947726650
458,Bengt Wadlow,bwadlowcp@dell.com,7218098309
459,Corbet Bugdell,cbugdellcq@surveymonkey.com,9805179653
460,Max Stump,mstumpcr@g.co,8179881893
461,Brittan Albro,balbrocs@yahoo.com,3526700881
462,Emmanuel Pendrid,ependridct@sina.com.cn,6508259498
463,Pru Adamsky,padamskycu@auda.org.au,6448891240
464,Yevette Cupitt,ycupittcv@wikia.com,1547093539
465,Minnnie Pierri,mpierricw@globo.com,9023141222
466,Abie O' Sullivan,aocx@xing.com,4575123399
467,Adolph Lillie,alilliecy@exblog.jp,6581444115
468,Gail Robottom,grobottomcz@shareasale.com,5849848771
469,Jaquelyn Mulkerrins,jmulkerrinsd0@msu.edu,2128349863
470,Nicolai Ackland,nacklandd1@npr.org,5203771532
471,Sasha Edgeler,sedgelerd2@soundcloud.com,5164589155
472,Cicely McAvinchey,cmcavincheyd3@discovery.com,4537769620
473,Myra Concannon,mconcannond4@sciencedaily.com,4472399421
474,Richy Pimblotte,rpimblotted5@cbslocal.com,4393923423
475,Emelita Bolley,ebolleyd6@digg.com,4841640118
476,Whitney Pullin,wpullind7@paginegialle.it,3321970325
477,Killy Sorton,ksortond8@huffingtonpost.com,8797506837
478,Rad Garretson,rgarretsond9@ibm.com,9165482623
479,Enrika Freer,efreerda@reference.com,7894023803
480,Amabelle Nesbit,anesbitdb@jugem.jp,1988421951
481,Amalie Dosedale,adosedaledc@de.vu,6909328851
482,Lillian Sturror,lsturrordd@blinklist.com,9998109673
483,Chiquia Coppen,ccoppende@livejournal.com,2689464912
484,Margaret Manchester,mmanchesterdf@1und1.de,5277751583
485,Carola Steventon,csteventondg@ehow.com,9168834027
486,Cloe Auden,caudendh@dmoz.org,3009947330
487,Paddy Deinert,pdeinertdi@google.nl,1879578938
488,Ibby Lere,ileredj@qq.com,1491869006
489,Cristian Gergus,cgergusdk@patch.com,5824229717
490,Elyn Vasquez,evasquezdl@cbc.ca,6546722633
491,Vernon Murrigans,vmurrigansdm@reference.com,1629490383
492,Elliott Gregoretti,egregorettidn@yale.edu,5489104474
493,Belita MacIver,bmaciverdo@opensource.org,3975974931
494,Morgan Laurie,mlauriedp@vinaora.com,9799464018
495,Imelda Capelen,icapelendq@addtoany.com,6301458989
496,Dell Ninnoli,dninnolidr@51.la,2823991555
497,Martie Waterfall,mwaterfallds@admin.ch,1021950408
498,Rice Dmych,rdmychdt@hibu.com,5267817603
499,Peggy Rowlinson,prowlinsondu@army.mil,4822940233
500,Cordell Hadwen,chadwendv@is.gd,6834510671
501,Laney Tyzack,ltyzackdw@wunderground.com,4835663782
502,Aggi Harbage,aharbagedx@tripod.com,3596634676
503,Neddy Castleman,ncastlemandy@quantcast.com,3977978266
504,Eveline Snellman,esnellmandz@twitpic.com,7137542597
505,Donnie Grigorkin,dgrigorkine0@mediafire.com,7226027349
506,Chauncey Vaggers,cvaggerse1@vkontakte.ru,4832384055
507,Zorah Blakeden,zblakedene2@wikispaces.com,8835374275
508,Mabel Gayden,mgaydene3@github.com,3937757739
509,Marje Brickhill,mbrickhille4@census.gov,1084917995
510,Archibald O'Garmen,aogarmene5@abc.net.au,6327668678
511,Sven Tibols,stibolse6@webmd.com,5197417063
512,Alwin Toombes,atoombese7@last.fm,8606902713
513,Maegan Tower,mtowere8@gov.uk,6631299343
514,Karlie Wheble,kwheblee9@newsvine.com,3844246849
515,Christoper Grummitt,cgrummittea@gmpg.org,7698207636
516,Masha Shimwell,mshimwelleb@cocolog-nifty.com,3111752884
517,Alexandr Bockler,abocklerec@netvibes.com,9676580089
518,Federico Rominov,frominoved@cdbaby.com,9352227176
519,Sela Jay,sjayee@amazon.co.jp,3184314714
520,Fan Cork,fcorkef@woothemes.com,8206851634
521,Willi Klaffs,wklaffseg@google.com.br,6445220933
522,Hartley Brandli,hbrandlieh@lulu.com,1191973004
523,Smith Crusham,scrushamei@pbs.org,2307432677
524,Mendel Eliyahu,meliyahuej@taobao.com,3141093412
525,Angelita Paroni,aparoniek@stumbleupon.com,4593205238
526,Roosevelt Arrol,rarrolel@oakley.com,6296063632
527,Corrina Espinas,cespinasem@examiner.com,7074302824
528,Ferrell Frew,ffrewen@angelfire.com,1016222617
529,Rheta Vasser,rvassereo@squidoo.com,1461014480
530,Jayme Queste,jquesteep@ask.com,2343384014
531,Tabby Oldis,toldiseq@discuz.net,1319706172
532,Dodi Phelps,dphelpser@phoca.cz,2558185014
533,Hyacinthie Hews,hhewses@fc2.com,6404940610
534,Cyndie Ullyatt,cullyattet@craigslist.org,3322186590
535,Hakeem Chenery,hcheneryeu@mozilla.org,5522435537
536,Glenda Kuhnel,gkuhnelev@admin.ch,4489458412
537,Dasi Snepp,dsneppew@youtube.com,1799701048
538,Wat Corbin,wcorbinex@japanpost.jp,3576004487
539,Michal Gowing,mgowingey@zimbio.com,4038663027
540,Vassili Benfield,vbenfieldez@people.com.cn,2333246454
541,Kim Swaddle,kswaddlef0@mysql.com,6801917907
542,Brook Salzberg,bsalzbergf1@ucoz.com,9187014870
543,Aylmer Worsnip,aworsnipf2@google.pl,9561432811
544,Zollie Redmond,zredmondf3@mit.edu,4597228154
545,Kellina Saich,ksaichf4@wikimedia.org,1208128742
546,Alexandro Trickey,atrickeyf5@flavors.me,7636493093
547,Charin Marc,cmarcf6@irs.gov,4922564920
548,Koral Sabie,ksabief7@reuters.com,1532605705
549,Kassey Benninger,kbenningerf8@businessinsider.com,8536771890
550,Jillane Weiner,jweinerf9@examiner.com,4162806957
551,Fiann Vallerine,fvallerinefa@dot.gov,1992017511
552,Gherardo Meatcher,gmeatcherfb@multiply.com,4206432852
553,Walther Duffell,wduffellfc@naver.com,5745781414
554,Stephi Ferne,sfernefd@wordpress.com,6518208875
555,Diahann Flintuff,dflintufffe@ox.ac.uk,9054107323
556,Fina Swannack,fswannackff@mtv.com,7082922705
557,Stewart Gittus,sgittusfg@networkadvertising.org,8073358012
558,Paloma Piecha,ppiechafh@reference.com,2902631927
559,Ara Skilling,askillingfi@youku.com,4225918015
560,Tommy Bole,tbolefj@opensource.org,4385546532
561,Berkie Tuxwell,btuxwellfk@goodreads.com,1963616253
562,Christoffer Titchener,ctitchenerfl@amazon.co.jp,3427396296
563,Sloane Vincent,svincentfm@google.fr,7659750520
564,Torrey Strother,tstrotherfn@forbes.com,4946877581
565,Vivien Hudspith,vhudspithfo@state.gov,9579881889
566,Bria Kisbee,bkisbeefp@netscape.com,2884591057
567,Patty Gardiner,pgardinerfq@cornell.edu,3374594174
568,Kylie McClounan,kmcclounanfr@mlb.com,3892158488
569,Jeanine Feehery,jfeeheryfs@cnet.com,6249482736
570,Quill Storm,qstormft@1und1.de,6679429091
571,Jamaal Adamovitch,jadamovitchfu@hhs.gov,6374847428
572,Artemas Sadlier,asadlierfv@ucla.edu,8744109887
573,Codi Mcsarry,cmcsarryfw@sitemeter.com,6113124021
574,Hallsy Norfolk,hnorfolkfx@cafepress.com,7153254990
575,Prue Moncrieffe,pmoncrieffefy@delicious.com,2557594103
576,Marsha Keston,mkestonfz@dell.com,5134293180
577,Antonetta Fike,afikeg0@comcast.net,7284642781
578,Oswald Elphinstone,oelphinstoneg1@php.net,5402289925
579,Berton Antal,bantalg2@edublogs.org,5144511772
580,Pattie Lighten,plighteng3@rediff.com,2649856466
581,Win Drowsfield,wdrowsfieldg4@oakley.com,7467410738
582,Clari Duggen,cduggeng5@reverbnation.com,7194957645
583,Wiatt Livesey,wliveseyg6@globo.com,3012054129
584,Bartlet Butterworth,bbutterworthg7@redcross.org,9814070379
585,Therine Boner,tbonerg8@timesonline.co.uk,5741631583
586,Panchito Bladesmith,pbladesmithg9@godaddy.com,7933354805
587,Sal Luisetti,sluisettiga@google.co.jp,6805657247
588,Worthy Parkhouse,wparkhousegb@ustream.tv,9431927769
589,Siegfried Cossam,scossamgc@unesco.org,2969343206
590,Vick Hunday,vhundaygd@marriott.com,9392292082
591,Jessamyn Trundle,jtrundlege@naver.com,1103696204
592,Minette Sibson,msibsongf@bloomberg.com,1662416933
593,Jan Krysztowczyk,jkrysztowczykgg@psu.edu,2597954312
594,Jacky Pietruszka,jpietruszkagh@squarespace.com,3331418266
595,Jemie Driver,jdrivergi@gmpg.org,3128052854
596,Ramonda Jacquemard,rjacquemardgj@gizmodo.com,1507717813
597,Jaimie Scoyne,jscoynegk@blog.com,2358780758
598,Conchita Thorne,cthornegl@businessweek.com,3199580347
599,Hew Joul,hjoulgm@cpanel.net,8336885250
600,Case Goldston,cgoldstongn@amazon.co.jp,6082811706
601,Nehemiah Ingle,ninglego@howstuffworks.com,4478929019
602,Milena Vicarey,mvicareygp@forbes.com,4344272552
603,Rhody Wallman,rwallmangq@fda.gov,5205851496
604,Bern Westphal,bwestphalgr@europa.eu,8232712847
605,Nicolais Matuskiewicz,nmatuskiewiczgs@prnewswire.com,7033751096
606,Audie Buntin,abuntingt@geocities.com,6516272215
607,Georgena Anderer,ganderergu@aol.com,5387367213
608,Shannah Ambrogetti,sambrogettigv@hao123.com,2891727032
609,Wood Fleote,wfleotegw@redcross.org,1079210343
610,Alejandra De Zuani,adegx@yolasite.com,3589560521
611,Catlin Blankley,cblankleygy@netlog.com,1773926264
612,Eleonora Praten,epratengz@eepurl.com,8992276766
613,Brook Christopher,bchristopherh0@last.fm,9217713813
614,David Kirdsch,dkirdschh1@vkontakte.ru,9185060092
615,Mill Aucott,maucotth2@purevolume.com,4652746457
616,Richard Blaxton,rblaxtonh3@goo.gl,8919672485
617,Malynda Cornelisse,mcornelisseh4@lycos.com,3519121482
618,Trefor Jeste,tjesteh5@youku.com,8486639721
619,Carolus Staniford,cstanifordh6@weibo.com,8596206927
620,Sansone Janeway,sjanewayh7@posterous.com,9239504376
621,Kit Masterman,kmastermanh8@xing.com,7863042632
622,Kellyann Blasgen,kblasgenh9@nsw.gov.au,4941496532
623,Hendrika Cust,hcustha@ebay.co.uk,1802397446
624,Ibbie Southerden,isoutherdenhb@vinaora.com,4293416479
625,Tommie Cunde,tcundehc@arstechnica.com,4083727242
626,Cristen Peltzer,cpeltzerhd@trellian.com,3196851846
627,Dot Sawood,dsawoodhe@soup.io,4247459666
628,Jae Mortell,jmortellhf@illinois.edu,8031311810
629,Chicky Yekel,cyekelhg@ted.com,5128717486
630,Ingar Houndesome,ihoundesomehh@clickbank.net,2427616198
631,Collen Tows,ctowshi@soundcloud.com,3785172166
632,Augustine Yitzhok,ayitzhokhj@elegantthemes.com,8124245377
633,Casey Rebert,creberthk@fastcompany.com,4802814474
634,Quintilla Lilion,qlilionhl@fc2.com,3912653256
635,Randal Pocknell,rpocknellhm@msn.com,6076587875
636,Rowe Bernardon,rbernardonhn@a8.net,7266755511
637,Kakalina Wardlow,kwardlowho@google.co.uk,1468757731
638,Donia Samarth,dsamarthhp@engadget.com,7946419456
639,Kary Pyner,kpynerhq@usatoday.com,9772985964
640,Brenda Handrok,bhandrokhr@elpais.com,3475033916
641,Porty Conlon,pconlonhs@wired.com,3936268409
642,Ava Bolens,abolensht@soup.io,7943895558
643,Oralle Stormonth,ostormonthhu@hibu.com,1948088682
644,Lorena Gabbatt,lgabbatthv@histats.com,8538068171
645,Tammy Bielfelt,tbielfelthw@unc.edu,8091185488
646,Stevie Becket,sbeckethx@harvard.edu,2329216518
647,Maighdiln Skitral,mskitralhy@linkedin.com,3761819933
648,Kingsly Erasmus,kerasmushz@unesco.org,3087129598
649,Roderick Pitcher,rpitcheri0@house.gov,2414569688
650,Pattin Busek,pbuseki1@imgur.com,5239614766
651,Flossie Tremellier,ftremellieri2@bravesites.com,7054785425
652,Rona Ashingden,rashingdeni3@youku.com,2682509839
653,Marja Swiers,mswiersi4@hatena.ne.jp,2579643978
654,Tannie Ceeley,tceeleyi5@bravesites.com,7681428341
655,Mabelle Realy,mrealyi6@technorati.com,2401041830
656,Erl Fall,efalli7@cpanel.net,3376697479
657,Curtis Leneve,clenevei8@blog.com,9809670623
658,Fredric Kleinberer,fkleinbereri9@symantec.com,1082669667
659,Ganny Sudron,gsudronia@craigslist.org,8955280178
660,Tricia Currey,tcurreyib@bloglines.com,9036483217
661,Franky Falshaw,ffalshawic@mashable.com,5587247270
662,Mario Edmans,medmansid@microsoft.com,5914535278
663,Cherey Nichol,cnicholie@nsw.gov.au,7795412573
664,Bat Dallosso,bdallossoif@shareasale.com,8471009664
665,Kennett Amori,kamoriig@booking.com,6058739197
666,Worden Tracey,wtraceyih@pbs.org,2949889132
667,Barbabra Baish,bbaishii@de.vu,6838675512
668,Meagan Errol,merrolij@youtu.be,2942207313
669,Grier Cosans,gcosansik@merriam-webster.com,7406883954
670,Danell Lyman,dlymanil@lulu.com,9748056014
671,Serge Linstead,slinsteadim@flavors.me,1174931771
672,Gale Sanders,gsandersin@netlog.com,3093586090
673,Darryl Chill,dchillio@un.org,2769843287
674,Jessy Glassopp,jglassoppip@123-reg.co.uk,8591801118
675,Blake Maycock,bmaycockiq@rakuten.co.jp,7597519042
676,Flore Tremblet,ftrembletir@google.fr,7337095979
677,Ainslie Happs,ahappsis@xrea.com,1735448078
678,Reamonn Pomfret,rpomfretit@bizjournals.com,7698770265
679,Windy Zuann,wzuanniu@techcrunch.com,7913729882
680,Cyrus Alliker,callikeriv@java.com,7115996722
681,Emilie Beardsdale,ebeardsdaleiw@usatoday.com,8112156179
682,Nap Forseith,nforseithix@bloomberg.com,9364181547
683,Alys Southgate,asouthgateiy@guardian.co.uk,4549803530
684,Jessamine Lyptrade,jlyptradeiz@weibo.com,5173609733
685,Aubrey Sleeford,asleefordj0@bizjournals.com,8574958482
686,Ainslie Goodanew,agoodanewj1@japanpost.jp,7185856939
687,Lu Collishaw,lcollishawj2@biblegateway.com,8561479027
688,Jacki Gaffey,jgaffeyj3@weebly.com,5057189659
689,Georgena Formoy,gformoyj4@reverbnation.com,3372730867
690,Levi Teligin,lteliginj5@plala.or.jp,7802283356
691,Bryan de Guerre,bdej6@smugmug.com,1477453108
692,Drusilla Woods,dwoodsj7@time.com,2802752917
693,Jerrylee Arguile,jarguilej8@kickstarter.com,1302672242
694,Giulietta Speck,gspeckj9@netscape.com,4776603268
695,Pennie Elward,pelwardja@about.com,8009874502
696,Goddard Legrice,glegricejb@i2i.jp,7158439585
697,Zarah Swynley,zswynleyjc@is.gd,2342431340
698,Eldredge Bantham,ebanthamjd@cnbc.com,4689472774
699,Marrilee Skeech,mskeechje@ibm.com,3917138101
700,Shawn Yosevitz,syosevitzjf@w3.org,1281193074
701,Glynis Sima,gsimajg@statcounter.com,2712444317
702,Kaela Rawles,krawlesjh@timesonline.co.uk,6921117364
703,Gustav Dawtry,gdawtryji@techcrunch.com,9338365501
704,Matelda Trebilcock,mtrebilcockjj@amazon.co.jp,8701554460
705,Raphaela Paris,rparisjk@linkedin.com,6869734535
706,Brittne Punch,bpunchjl@sohu.com,4993689552
707,Rosene Dovidaitis,rdovidaitisjm@google.co.uk,2727985680
708,Casi Booy,cbooyjn@aboutads.info,6006237656
709,Teddy McVitty,tmcvittyjo@zimbio.com,6336822283
710,Sheba Suller,ssullerjp@t-online.de,2995395893
711,Marika Peoples,mpeoplesjq@odnoklassniki.ru,5142723814
712,Trish Beetham,tbeethamjr@dell.com,9537742719
713,Silvain Bernli,sbernlijs@typepad.com,4691250864
714,Averill Ege,aegejt@ning.com,1078193518
715,Norrie Rowdell,nrowdellju@istockphoto.com,3509976457
716,Evanne Cassar,ecassarjv@instagram.com,3802914700
717,Arther Levensky,alevenskyjw@archive.org,4465599046
718,Dwain Porcas,dporcasjx@dropbox.com,2325549592
719,Sileas Jozef,sjozefjy@mtv.com,8521616010
720,Darda Dochon,ddochonjz@youtu.be,1049206320
721,Eugenio Folger,efolgerk0@dagondesign.com,3987463455
722,Wit Stanning,wstanningk1@stanford.edu,4223192959
723,Fairlie Deary,fdearyk2@independent.co.uk,9388762729
724,Donetta Parken,dparkenk3@photobucket.com,7328690481
725,Maggee Enion,menionk4@trellian.com,7559404580
726,Henri Stannislawski,hstannislawskik5@booking.com,6992008855
727,Shaina Josilowski,sjosilowskik6@is.gd,1082989096
728,Faustina Dutnall,fdutnallk7@vistaprint.com,2116182403
729,Willy Scapens,wscapensk8@so-net.ne.jp,1688080007
730,Jo ann Pimme,jannk9@paginegialle.it,9478442538
731,Demetra Lebbon,dlebbonka@va.gov,3617550628
732,Carlie Vassay,cvassaykb@about.me,4916989685
733,Shepard Demeter,sdemeterkc@ucoz.ru,9026945397
734,Kayne Baitman,kbaitmankd@dell.com,8999178569
735,Marcellus Andriuzzi,mandriuzzike@liveinternet.ru,4082612040
736,Padget Archbald,parchbaldkf@thetimes.co.uk,8491195131
737,Murdock Gowing,mgowingkg@cbslocal.com,5179921170
738,Elyssa Peter,epeterkh@netscape.com,7732876508
739,Sarina Stanbridge,sstanbridgeki@businessweek.com,8447597670
740,Beatrice Stubbert,bstubbertkj@cdc.gov,3283910708
741,Karin Scarlin,kscarlinkk@fda.gov,5498999982
742,Jackson Pashan,jpashankl@timesonline.co.uk,9876017416
743,Lutero Woolfenden,lwoolfendenkm@discovery.com,7116005132
744,Torre Van T'Hoog,tvankn@chron.com,4603557668
745,Candida Roche,crocheko@shutterfly.com,1301171509
746,Fulton Irwin,firwinkp@nydailynews.com,9417976218
747,Beth Jirus,bjiruskq@slideshare.net,5961875490
748,Vitia Towsey,vtowseykr@harvard.edu,5281474679
749,Karrie Clemencet,kclemencetks@weebly.com,2169165649
750,Daryl Reay,dreaykt@blogtalkradio.com,2213883570
751,Tarrance Rockall,trockallku@merriam-webster.com,8869848933
752,Charmine Tutsell,ctutsellkv@topsy.com,6714714971
753,Elbertine Thaw,ethawkw@vistaprint.com,2002473401
754,Sibel Leathes,sleatheskx@bluehost.com,9491392700
755,Doug Attock,dattockky@sakura.ne.jp,5215906881
756,Pyotr Doudney,pdoudneykz@npr.org,8656178140
757,Lane Bedboro,lbedborol0@xrea.com,7108026670
758,Alika MacCague,amaccaguel1@odnoklassniki.ru,5453759992
759,Andros Coppenhall,acoppenhalll2@xinhuanet.com,4597641199
760,Nowell Jeune,njeunel3@pen.io,5611063163
761,Yurik Coggles,ycogglesl4@yolasite.com,2332607620
762,Meaghan Richardt,mrichardtl5@comcast.net,7988936325
763,Jarrid Jeannequin,jjeannequinl6@networksolutions.com,3017180887
764,Selena Grosvenor,sgrosvenorl7@dmoz.org,4849387750
765,Jonell Ferri,jferril8@biglobe.ne.jp,8957761391
766,Quintina Gouda,qgoudal9@e-recht24.de,3179748586
767,Lezley Ruppelin,lruppelinla@theatlantic.com,1877012009
768,Jesse Brownhall,jbrownhalllb@altervista.org,8311440331
769,Charil Spittle,cspittlelc@woothemes.com,3475142552
770,Ximenes Muncaster,xmuncasterld@imgur.com,3299676133
771,Sophie Isselee,sisseleele@imdb.com,3186252570
772,Calli Grimsdale,cgrimsdalelf@oakley.com,1047018705
773,Dulciana Duns,ddunslg@myspace.com,6326663811
774,Gustave Errey,gerreylh@mail.ru,4263961583
775,Aile Collomosse,acollomosseli@boston.com,6782021293
776,Camila Stert,cstertlj@imgur.com,8884371595
777,Paulo Mardoll,pmardolllk@sfgate.com,9362265924
778,Alleen Birtwhistle,abirtwhistlell@networksolutions.com,4809917059
779,Andy Thiem,athiemlm@woothemes.com,5031081211
780,Rosina Trusler,rtruslerln@facebook.com,4712758239
781,Allyce Gobbet,agobbetlo@biblegateway.com,1161283105
782,Elisabeth Reneke,erenekelp@state.gov,6056531841
783,Mildrid Boundey,mboundeylq@merriam-webster.com,4849509730
784,Forest Orgen,forgenlr@microsoft.com,6529184244
785,Ollie Slisby,oslisbyls@prnewswire.com,6179505425
786,Emmalynne Aitkin,eaitkinlt@t-online.de,7864806541
787,Prissie Kezor,pkezorlu@chron.com,6251107737
788,Reinhold Herries,rherrieslv@prnewswire.com,8308378857
789,Meredith Cotter,mcotterlw@go.com,3355403173
790,Pincas Schubbert,pschubbertlx@upenn.edu,8762707281
791,Seka Bloodworth,sbloodworthly@cbslocal.com,9264239442
792,Rorke Ault,raultlz@cornell.edu,9352137775
793,Myer Ruddock,mruddockm0@barnesandnoble.com,8201650522
794,Venus Arrighetti,varrighettim1@opera.com,9696112917
795,Lise Oiseau,loiseaum2@twitter.com,8249387550
796,Cletis Telford,ctelfordm3@harvard.edu,3593762050
797,Dorine Elsy,delsym4@squidoo.com,2266610995
798,Lara Demetr,ldemetrm5@networksolutions.com,7873990372
799,Reg Burgoin,rburgoinm6@mit.edu,3205420651
800,Lee Dmitrichenko,ldmitrichenkom7@prweb.com,6825178884
801,Antonio Meneely,ameneelym8@loc.gov,6451640350
802,Stanfield Hafford,shaffordm9@weather.com,9133533834
803,Cornie Gerrad,cgerradma@va.gov,8087906631
804,Pierce Tankin,ptankinmb@so-net.ne.jp,7466631667
805,Alethea Dunkinson,adunkinsonmc@163.com,2346246516
806,Nat Witson,nwitsonmd@apache.org,8621773258
807,Cherri Digg,cdiggme@webmd.com,9145546453
808,Fletcher Wrigley,fwrigleymf@prnewswire.com,8379078578
809,Rhianon Maith,rmaithmg@google.ca,2947981258
810,Anet Hasney,ahasneymh@fc2.com,8936563271
811,Aloysia Benoy,abenoymi@lulu.com,4985406750
812,Verne Lorenz,vlorenzmj@ft.com,7872376094
813,Eben Coronas,ecoronasmk@etsy.com,6455532611
814,Lyn Snellman,lsnellmanml@aboutads.info,9155581677
815,Diahann Billing,dbillingmm@jimdo.com,8713027068
816,Isaac Thumnel,ithumnelmn@webmd.com,1318202820
817,Sauncho Boothroyd,sboothroydmo@opera.com,8313967288
818,Liza Attenbrough,lattenbroughmp@prnewswire.com,7894951282
819,Farley Isgar,fisgarmq@geocities.jp,3347558590
820,Jenifer Elcomb,jelcombmr@craigslist.org,4477215469
821,Ranna Burniston,rburnistonms@census.gov,3622416804
822,Ruthie Cholerton,rcholertonmt@pagesperso-orange.fr,8111186533
823,Kermy Cleyburn,kcleyburnmu@unc.edu,4213070184
824,Fletch Castel,fcastelmv@trellian.com,8924731791
825,Rafa Bodleigh,rbodleighmw@about.me,4011541452
826,Cam Pulteneye,cpulteneyemx@pinterest.com,9668900456
827,Billy McGrory,bmcgrorymy@desdev.cn,4326118152
828,Otto Suff,osuffmz@mozilla.org,5199488259
829,Osbourn Batte,obatten0@amazon.com,7914510067
830,Marlin Suarez,msuarezn1@nsw.gov.au,3086997668
831,Garold Soden,gsodenn2@phoca.cz,3647643566
832,Matias Feighney,mfeighneyn3@chicagotribune.com,9391214228
833,Lorianne Throughton,lthroughtonn4@elpais.com,7804151418
834,Ermin Moakler,emoaklern5@altervista.org,2506548058
835,Allie Hudghton,ahudghtonn6@wired.com,9627550661
836,Claudie Baseley,cbaseleyn7@typepad.com,5271381185
837,Loralyn Charnock,lcharnockn8@issuu.com,9351239956
838,Doralin Dobbyn,ddobbynn9@yelp.com,3492646744
839,Maud Colebeck,mcolebeckna@hubpages.com,2391308957
840,Valaree O'Neary,vonearynb@gravatar.com,4123803259
841,Abbi Caffrey,acaffreync@rakuten.co.jp,9727110630
842,Constance O'Gleasane,cogleasanend@nifty.com,3111512900
843,Doro Danielli,ddanielline@over-blog.com,4612274740
844,Curry Dohrmann,cdohrmannnf@vinaora.com,4031057553
845,Maryrose Bilfoot,mbilfootng@weibo.com,8561716545
846,Archambault Preble,apreblenh@posterous.com,9246525507
847,Kelcie Fisbey,kfisbeyni@symantec.com,7283642503
848,Lucais Gallelli,lgallellinj@stanford.edu,8218019901
849,Loleta Aggio,laggionk@homestead.com,2446441060
850,Selinda Duthy,sduthynl@dyndns.org,6165892595
851,Novelia McCritchie,nmccritchienm@huffingtonpost.com,9044839945
852,Roman MacGee,rmacgeenn@squarespace.com,4362463018
853,Dorothy Chrichton,dchrichtonno@skyrock.com,5381477654
854,Meriel Pirie,mpirienp@soup.io,8166696506
855,Lionel Nuss,lnussnq@jalbum.net,3121895918
856,Lorilee Choat,lchoatnr@toplist.cz,1178988057
857,Melesa Paz,mpazns@last.fm,3342072848
858,Odie Botterill,obotterillnt@liveinternet.ru,5595664021
859,Colver Dunbobin,cdunbobinnu@mail.ru,9192044362
860,Fernanda Chasles,fchaslesnv@facebook.com,6613308525
861,Mendy Moakes,mmoakesnw@nydailynews.com,3126129191
862,Cass Bonniface,cbonnifacenx@shop-pro.jp,6714490819
863,Asa Duran,aduranny@ocn.ne.jp,3605807347
864,Evin Josifovic,ejosifovicnz@netvibes.com,8687863402
865,Peder Winsome,pwinsomeo0@slideshare.net,2928161783
866,Kylie Ingold,kingoldo1@histats.com,3411171474
867,Lucia Winterson,lwintersono2@google.de,6383559184
868,Harli Ricardin,hricardino3@istockphoto.com,8416705902
869,West Orleton,worletono4@scientificamerican.com,4976723861
870,Mersey Dacres,mdacreso5@intel.com,1901683036
871,Wilhelmine Grason,wgrasono6@booking.com,9586604843
872,Jennifer Bancroft,jbancrofto7@themeforest.net,3336402098
873,Jemimah Leynton,jleyntono8@ycombinator.com,3108783802
874,Dorthy Crace,dcraceo9@oracle.com,2176536201
875,Park Kew,pkewoa@zdnet.com,9768726866
876,Glyn Boomes,gboomesob@shareasale.com,2162293264
877,Rochelle Shakshaft,rshakshaftoc@state.tx.us,4299756941
878,Bree Prophet,bprophetod@xrea.com,9645228090
879,Dela Horsfield,dhorsfieldoe@addtoany.com,3426422663
880,Taddeo Durno,tdurnoof@noaa.gov,7735317839
881,Twila Giurio,tgiurioog@paginegialle.it,9303447286
882,Kelcy Langabeer,klangabeeroh@yale.edu,9801583413
883,Sisile Gunter,sgunteroi@epa.gov,5973909760
884,Aviva Torrans,atorransoj@microsoft.com,9153523461
885,Miriam Keford,mkefordok@cbc.ca,3968550316
886,Esta Burgher,eburgherol@ebay.co.uk,7471872268
887,Orson Seel,oseelom@hibu.com,2428171656
888,Jamill Haggis,jhaggison@amazon.co.jp,5201703169
889,Gregoor Thompson,gthompsonoo@bloglines.com,1859560168
890,Cordie Shottin,cshottinop@technorati.com,8574723406
891,Davidde Blazic,dblazicoq@yellowbook.com,6017572230
892,Boothe Smedmoor,bsmedmooror@usnews.com,9695197100
893,Verna Cloute,vclouteos@cnet.com,5416581721
894,Sol Nutbrown,snutbrownot@ning.com,9027037898
895,Allis Rydzynski,arydzynskiou@ted.com,8885209785
896,Balduin Swindon,bswindonov@wisc.edu,6943578936
897,Elfrieda Sirkett,esirkettow@dell.com,6073595496
898,Claiborne Bissett,cbissettox@netlog.com,9042491850
899,Tedman Padefield,tpadefieldoy@opera.com,2116658203
900,Camilla Snelman,csnelmanoz@sogou.com,4423914721
901,Conchita Parram,cparramp0@cafepress.com,5934841041
902,Hieronymus Pardoe,hpardoep1@nymag.com,4864651267
903,Raina Chavrin,rchavrinp2@bigcartel.com,5127892128
904,Carrol Nolot,cnolotp3@patch.com,2434720759
905,Vikki Mosdell,vmosdellp4@ning.com,7546622054
906,Mildred Morl,mmorlp5@360.cn,2775979923
907,Mabel McGeachey,mmcgeacheyp6@g.co,1705855906
908,Marve Manass,mmanassp7@amazon.co.uk,7168073115
909,Rosalia Litzmann,rlitzmannp8@dion.ne.jp,3241217560
910,Desmund Luton,dlutonp9@hibu.com,9428732033
911,Cyndi Lumley,clumleypa@economist.com,1106492658
912,Toddy Charter,tcharterpb@buzzfeed.com,8057170463
913,Emory Kealy,ekealypc@wufoo.com,5199468189
914,Dedie Ebsworth,debsworthpd@weather.com,7968296499
915,Hannis Bramer,hbramerpe@rakuten.co.jp,7674361401
916,Janetta Knipe,jknipepf@hatena.ne.jp,2151539188
917,Danette McGuirk,dmcguirkpg@ft.com,2462065653
918,Lynne Tregensoe,ltregensoeph@bing.com,8043063161
919,Daphna Keary,dkearypi@wordpress.com,9329468795
920,Byrle Jako,bjakopj@vkontakte.ru,1091805098
921,Armin Kynman,akynmanpk@netscape.com,2358912330
922,Hattie Lindegard,hlindegardpl@imageshack.us,4104158576
923,Albertina Laurance,alaurancepm@amazonaws.com,8552166559
924,Nial Cyples,ncyplespn@telegraph.co.uk,3416087090
925,Alanah Duffil,aduffilpo@biglobe.ne.jp,8774242630
926,Abbye Fussey,afusseypp@123-reg.co.uk,9951972316
927,Iris Lothean,ilotheanpq@mozilla.com,6223692261
928,Noah Harbert,nharbertpr@mediafire.com,3747941795
929,Corey Bernardinelli,cbernardinellips@naver.com,3433624874
930,Rivalee Morforth,rmorforthpt@accuweather.com,9209357281
931,Carmine Denys,cdenyspu@unc.edu,8978875543
932,Trevor Twatt,ttwattpv@parallels.com,4023659937
933,Rollins Gascone,rgasconepw@arizona.edu,4883867537
934,Brandy Joicey,bjoiceypx@apache.org,5183297918
935,Jeanne McAlindon,jmcalindonpy@bluehost.com,9527452306
936,Sauncho Pursglove,spursglovepz@webnode.com,8124041915
937,Tracey Jenicek,tjenicekq0@webs.com,8109241657
938,Emmerich Duncan,eduncanq1@boston.com,7473542974
939,Giustina Haxbie,ghaxbieq2@devhub.com,8742554907
940,Arty Pacquet,apacquetq3@usda.gov,1534696223
941,Ava Botterill,abotterillq4@instagram.com,9158648803
942,Darline Gatenby,dgatenbyq5@reference.com,8552743988
943,Thayne Liepina,tliepinaq6@umn.edu,2413506063
944,Hasty Offin,hoffinq7@google.cn,6898708155
945,Aimee Kasperski,akasperskiq8@who.int,1822996493
946,Cullie Souter,csouterq9@ibm.com,4032414513
947,Raddy Libbe,rlibbeqa@marriott.com,7037696290
948,Darby Pleasants,dpleasantsqb@about.com,8388117723
949,Ike Bassham,ibasshamqc@netlog.com,9796678316
950,Howard Cawdron,hcawdronqd@wordpress.com,6713159600
951,Martha Carsey,mcarseyqe@paypal.com,9273571671
952,Garrik Sirmon,gsirmonqf@abc.net.au,6713878352
953,Cull Fessier,cfessierqg@hp.com,4122348407
954,Huntlee Moryson,hmorysonqh@admin.ch,4978088838
955,Concettina Heinz,cheinzqi@accuweather.com,5058168604
956,Addi Chataignier,achataignierqj@foxnews.com,4755039425
957,Zorana Dethloff,zdethloffqk@macromedia.com,8551583612
958,Torrin Bahl,tbahlql@desdev.cn,4374942406
959,Isadore Itzik,iitzikqm@stumbleupon.com,2943451459
960,Flinn Cuss,fcussqn@dyndns.org,7209554998
961,Charil Ochterlonie,cochterlonieqo@baidu.com,4291395187
962,Glenden Chalk,gchalkqp@surveymonkey.com,9644188581
963,Helga Dulake,hdulakeqq@ocn.ne.jp,4676080436
964,Mendel Franca,mfrancaqr@ow.ly,5761491518
965,Timothea Bramwell,tbramwellqs@i2i.jp,3483377671
966,Justinian Neljes,jneljesqt@cargocollective.com,4814285288
967,Merrile Fitzsimons,mfitzsimonsqu@usgs.gov,1835204938
968,Latashia Woodfin,lwoodfinqv@vimeo.com,4804887190
969,Brynne Cheeld,bcheeldqw@telegraph.co.uk,3868281775
970,Golda Baggarley,gbaggarleyqx@linkedin.com,2302389721
971,Maddie Udall,mudallqy@mozilla.org,3412682375
972,Giralda Bissiker,gbissikerqz@weibo.com,5699277873
973,Iain Lombardo,ilombardor0@imageshack.us,4203427129
974,Carmita Rust,crustr1@pbs.org,6516491117
975,Ariella Frankel,afrankelr2@networkadvertising.org,9652220723
976,Paolina Carnew,pcarnewr3@odnoklassniki.ru,3141399821
977,Amalea MacFarlan,amacfarlanr4@ebay.com,1599780987
978,Kliment Bechley,kbechleyr5@wsj.com,4691775142
979,Mag Steed,msteedr6@xing.com,4428892176
980,Domenico Mackrell,dmackrellr7@home.pl,9123693117
981,Harmonie Crevy,hcrevyr8@de.vu,3454881833
982,Ariella Beentjes,abeentjesr9@examiner.com,9249132449
983,Tobin Twitchings,ttwitchingsra@fc2.com,6033159134
984,Eolande Alderman,ealdermanrb@smh.com.au,5328833972
985,Inez Maulden,imauldenrc@rediff.com,1171459998
986,Abdul Bound,aboundrd@cnn.com,8278314118
987,Winfred Hilldrup,whilldrupre@rediff.com,9974063371
988,Cinda Alebrooke,calebrookerf@sogou.com,8246645273
989,Anthea McNysche,amcnyscherg@google.co.uk,5914373554
990,Weston Boyne,wboynerh@ovh.net,9042425221
991,Norri Despenser,ndespenserri@squidoo.com,5957958185
992,Elfreda Hadleigh,ehadleighrj@fema.gov,3829572821
993,Jada Weakley,jweakleyrk@hud.gov,2773284533
994,Laurel Gaskoin,lgaskoinrl@examiner.com,1342055615
995,Rhetta Le Noire,rlerm@people.com.cn,5174584579
996,Merry Crasswell,mcrasswellrn@odnoklassniki.ru,9191650382
997,Tabb Geddis,tgeddisro@booking.com,6916651851
998,Henrieta Whooley,hwhooleyrp@sbwire.com,1563347977
999,Ingra Tenaunt,itenauntrq@tinyurl.com,4049276817
1000,Laurent Parram,lparramrr@fc2.com,8224724139
